l,k,JR,JR Duration,EJR,EJR Duration
1,1,1,0.0,1,0.0
1,2,1,0.0,1,0.015016555786132812
1,3,1,0.0,1,0.0015761852264404297
1,4,1,0.0,1,0.002931833267211914
1,5,1,0.0,1,0.0009799003601074219
1,6,1,0.0,1,0.0014064311981201172
1,7,1,0.0,1,0.0
1,8,1,0.0,1,0.0
1,9,1,0.0,1,0.0
1,10,1,0.0,1,0.0
2,1,1,0.0,1,0.0
2,2,1,0.0,1,0.0
2,3,1,0.0,1,0.0
2,4,1,0.0,1,0.0
2,5,1,0.0,1,0.0
2,6,1,0.0,1,0.002012014389038086
2,7,1,0.0,1,0.0010008811950683594
2,8,1,0.0,1,0.0019989013671875
2,9,1,0.0,1,0.002001523971557617
2,10,1,0.0,1,0.0019965171813964844
3,1,1,0.0,1,0.0010025501251220703
3,2,1,0.0,1,0.001535177230834961
3,3,1,0.0,1,0.0019936561584472656
3,4,1,0.0,1,0.0009946823120117188
3,5,1,0.0,1,0.00024628639221191406
3,6,1,0.0,1,0.0
3,7,1,0.0,1,0.0
3,8,1,0.0,1,0.0
3,9,1,0.0,1,0.0
3,10,1,0.0,1,0.0
4,1,1,0.0,1,0.0
4,2,1,0.0,1,0.0
4,3,1,0.0,1,0.0
4,4,1,0.0,1,0.0
4,5,1,0.0,1,0.015625953674316406
4,6,1,0.0,1,0.0009329319000244141
4,7,1,0.0,1,0.0
4,8,1,0.0,1,0.0
4,9,1,0.0,1,0.0
4,10,1,0.0,1,0.0
5,1,1,0.0,1,0.0
5,2,1,0.0,1,0.0
5,3,1,0.0,1,0.0
5,4,1,0.0,1,0.0
5,5,1,0.0,1,0.0
5,6,1,0.0,1,0.0
5,7,1,0.0,1,0.0
5,8,1,0.0,1,0.0
5,9,1,0.0,1,0.0
5,10,1,0.0,1,0.0
6,1,1,0.0,1,0.0
6,2,1,0.0,1,0.0
6,3,1,0.0,1,0.015642642974853516
6,4,1,0.0,1,0.0006341934204101562
6,5,1,0.0,1,0.0
6,6,1,0.0,1,0.0
6,7,1,0.0,1,0.0
6,8,1,0.0,1,0.0
6,9,1,0.0,1,0.0
6,10,1,0.0,1,0.0
7,1,1,0.0,1,0.0
7,2,1,0.0,1,0.0
7,3,1,0.0,1,0.0
7,4,1,0.0,1,0.0
7,5,1,0.0,1,0.0
7,6,1,0.0,1,0.0
7,7,1,0.0,1,0.0
7,8,1,0.0,1,0.0
7,9,1,0.0,1,0.0
7,10,1,0.0,1,0.016201019287109375
8,1,1,0.0,1,0.0008528232574462891
8,2,1,0.0,1,0.0
8,3,1,0.0,1,0.0
8,4,1,0.0,1,0.0
8,5,1,0.0,1,0.0
8,6,1,0.0,1,0.0
8,7,1,0.0,1,0.0
8,8,1,0.0,1,0.0
8,9,1,0.0,1,0.0
8,10,1,0.0,1,0.0
9,1,1,0.0,1,0.0
9,2,1,0.0,1,0.0
9,3,1,0.0,1,0.0
9,4,1,0.0,1,0.0
9,5,1,0.0,1,0.0
9,6,1,0.0,1,0.01500701904296875
9,7,1,0.0,1,0.0013012886047363281
9,8,1,0.0,1,0.0
9,9,1,0.0,1,0.0
9,10,1,0.0,1,0.0
10,1,1,0.0,1,0.0
10,2,1,0.0,1,0.0
10,3,1,0.0,1,0.0
10,4,1,0.0,1,0.0
10,5,1,0.0,1,0.0
10,6,1,0.0,1,0.0
10,7,1,0.0,1,0.0
10,8,1,0.0,1,0.0
10,9,1,0.0,1,0.0
10,10,1,0.0,1,0.0
