l,k,JR,JR Duration,EJR,EJR Duration
1,1,1,0.0,1,0.0
1,2,1,0.0,1,0.01459360122680664
1,3,1,0.0,1,0.004009246826171875
1,4,1,0.0,1,0.0029993057250976562
1,5,1,0.0,1,0.00093841552734375
1,6,1,0.0,1,0.0
1,7,1,0.0,1,0.0
1,8,1,0.0,1,0.007743120193481445
1,9,1,0.0,1,0.0
1,10,1,0.0,1,0.0
2,1,1,0.0,1,0.0
2,2,1,0.0,1,0.0
2,3,1,0.0,1,0.0
2,4,1,0.0,1,0.0
2,5,1,0.0,1,0.0
2,6,1,0.0,1,0.0
2,7,1,0.0,1,0.0
2,8,1,0.0,1,0.0
2,9,1,0.0,1,0.0
2,10,1,0.0,1,0.0
3,1,1,0.015015840530395508,1,0.0009012222290039062
3,2,1,0.0,1,0.0010082721710205078
3,3,1,0.0,1,0.0
3,4,1,0.0,1,0.0
3,5,1,0.0,1,0.0
3,6,1,0.0,1,0.001004934310913086
3,7,1,0.0,1,0.001180410385131836
3,8,1,0.0,1,0.0009999275207519531
3,9,1,0.0,1,0.000997304916381836
3,10,1,0.0,1,0.0010018348693847656
4,1,1,0.0009930133819580078,1,0.0010030269622802734
4,2,1,0.0,1,0.001016378402709961
4,3,1,0.0,1,0.0009884834289550781
4,4,1,0.0,1,0.0
4,5,1,0.0,1,0.0
4,6,1,0.0,1,0.0
4,7,1,0.0,1,0.002077817916870117
4,8,1,0.0,1,0.0010063648223876953
4,9,1,0.0,1,0.0009918212890625
4,10,1,0.0,1,0.0010001659393310547
5,1,1,0.0013072490692138672,1,0.0
5,2,1,0.0,1,0.0
5,3,1,0.0,1,0.0
5,4,1,0.0,1,0.0
5,5,1,0.0,1,0.0
5,6,1,0.0,1,0.0
5,7,1,0.0,1,0.0
5,8,1,0.0,1,0.0
5,9,1,0.0,1,0.0
5,10,1,0.0,1,0.0
6,1,1,0.011249780654907227,1,0.0020036697387695312
6,2,1,0.0,1,0.001999378204345703
6,3,1,0.0,1,0.0010089874267578125
6,4,1,0.0,1,0.0009930133819580078
6,5,1,0.0,1,0.0
6,6,1,0.0,1,0.002000570297241211
6,7,1,0.0,1,0.0010068416595458984
6,8,1,0.0,1,0.0015215873718261719
6,9,1,0.0,1,0.0010120868682861328
6,10,1,0.0,1,0.00099945068359375
7,1,1,0.0010001659393310547,1,0.00112152099609375
7,2,1,0.0008406639099121094,1,0.0
7,3,1,0.0,1,0.0
7,4,1,0.0,1,0.0
7,5,1,0.0,1,0.0
7,6,1,0.0,1,0.0
7,7,1,0.0,1,0.0
7,8,1,0.0,1,0.0
7,9,1,0.0,1,0.0
7,10,1,0.0,1,0.0
8,1,1,0.0,1,0.0
8,2,1,0.0,1,0.0
8,3,1,0.0,1,0.0
8,4,1,0.0,1,0.0
8,5,1,0.0,1,0.015018939971923828
8,6,1,0.0,1,0.0007779598236083984
8,7,1,0.0,1,0.0009701251983642578
8,8,1,0.0,1,0.0
8,9,1,0.0,1,0.0
8,10,1,0.0,1,0.0
9,1,1,0.0,1,0.0
9,2,1,0.0,1,0.0
9,3,1,0.0,1,0.0
9,4,1,0.0,1,0.0
9,5,1,0.0,1,0.0
9,6,1,0.0,1,0.0
9,7,1,0.0,1,0.0
9,8,1,0.0,1,0.0
9,9,1,0.0,1,0.0
9,10,1,0.0,1,0.0
10,1,1,0.0,1,0.0
10,2,1,0.0,1,0.0
10,3,1,0.0,1,0.015016317367553711
10,4,1,0.0,1,0.0010137557983398438
10,5,1,0.0,1,0.0009906291961669922
10,6,1,0.0,1,0.0
10,7,1,0.0,1,0.0
10,8,1,0.0,1,0.0010051727294921875
10,9,1,0.0,1,0.0010035037994384766
10,10,1,0.0,1,0.0019943714141845703
