l,k,JR,JR Duration,EJR,EJR Duration
1,1,1,0.0,1,0.0
1,2,1,0.0,1,0.0
1,3,1,0.0,1,0.0
1,4,1,0.0,1,0.0
1,5,1,0.0,1,0.0
1,6,1,0.0,1,0.0
1,7,1,0.0,1,0.0
1,8,1,0.0,1,0.015506505966186523
1,9,1,0.0,1,0.0009987354278564453
1,10,1,0.0,1,0.0009975433349609375
2,1,1,0.0,1,0.001001119613647461
2,2,1,0.0,1,0.0009989738464355469
2,3,1,0.0,1,0.0010006427764892578
2,4,1,0.0,1,0.00099945068359375
2,5,1,0.0,1,0.0
2,6,1,0.0,1,0.0
2,7,1,0.0,1,0.0
2,8,1,0.0,1,0.0
2,9,1,0.0,1,0.0
2,10,1,0.0,1,0.0
3,1,1,0.0,1,0.0
3,2,1,0.0,1,0.0
3,3,1,0.0,1,0.0
3,4,1,0.0,1,0.0
3,5,1,0.0,1,0.01075291633605957
3,6,1,0.0,1,0.0
3,7,1,0.0,1,0.0
3,8,1,0.0,1,0.0
3,9,1,0.0,1,0.0
3,10,1,0.0,1,0.0
4,1,1,0.0,1,0.0
4,2,1,0.0,1,0.0
4,3,1,0.0,1,0.0
4,4,1,0.0,1,0.0
4,5,1,0.0,1,0.0
4,6,1,0.0,1,0.0
4,7,1,0.0,1,0.0
4,8,1,0.0,1,0.0
4,9,1,0.0,1,0.0
4,10,1,0.0,1,0.0
5,1,1,0.0,1,0.0
5,2,1,0.0,1,0.015506505966186523
5,3,1,0.0005888938903808594,1,0.0006098747253417969
5,4,1,0.0,1,0.0
5,5,1,0.0,1,0.0
5,6,1,0.0,1,0.0
5,7,1,0.0,1,0.0
5,8,1,0.0,1,0.0
5,9,1,0.0,1,0.0
5,10,1,0.0,1,0.0
6,1,1,0.0,1,0.0
6,2,1,0.0,1,0.0
6,3,1,0.0,1,0.0
6,4,1,0.0,1,0.0
6,5,1,0.0,1,0.0
6,6,1,0.0,1,0.0
6,7,1,0.0,1,0.0
6,8,1,0.0,1,0.0
6,9,1,0.0,1,0.0
6,10,1,0.0,1,0.0011382102966308594
7,1,1,0.0,1,0.0
7,2,1,0.0,1,0.0
7,3,1,0.0,1,0.0
7,4,1,0.0,1,0.0
7,5,1,0.0,1,0.0
7,6,1,0.0,1,0.0
7,7,1,0.0,1,0.0
7,8,1,0.0,1,0.0
7,9,1,0.0,1,0.0
7,10,1,0.0,1,0.0
8,1,1,0.0,1,0.0
8,2,1,0.0,1,0.0
8,3,1,0.0,1,0.0
8,4,1,0.0,1,0.0
8,5,1,0.0,1,0.0
8,6,1,0.0,1,0.015506982803344727
8,7,1,0.0,1,0.0008826255798339844
8,8,1,0.0,1,0.001049041748046875
8,9,1,0.0,1,0.0009961128234863281
8,10,1,0.0,1,0.0009992122650146484
9,1,1,0.0,1,0.0009996891021728516
9,2,1,0.0,1,0.0009996891021728516
9,3,1,0.0,1,0.0009999275207519531
9,4,1,0.0,1,0.0
9,5,1,0.0,1,0.0
9,6,1,0.0,1,0.0010006427764892578
9,7,1,0.0,1,0.0009992122650146484
9,8,1,0.0,1,0.0009999275207519531
9,9,1,0.0,1,0.0010020732879638672
9,10,1,0.0,1,0.0
10,1,1,0.0,1,0.0
10,2,1,0.00099945068359375,1,0.0
10,3,1,0.0,1,0.0009999275207519531
10,4,1,0.0,1,0.0009999275207519531
10,5,1,0.0,1,0.001348257064819336
10,6,1,0.0,1,0.0
10,7,1,0.0,1,0.0
10,8,1,0.0,1,0.0
10,9,1,0.0,1,0.0
10,10,1,0.0,1,0.0
